{
  "mean": [
    122601779.8090366,
    157.7467844771324,
    10.180460866509362,
    1.7476178523018224,
    14.238987900999046,
    260127.88828756462,
    0.2836688588784578,
    0.2836688588784578,
    12.977669561724985
  ],
  "scale": [
    70484642.87588865,
    2137.5590662849763,
    184.0524374728961,
    22.37968509515798,
    15.963655949074099,
    99133.56991782974,
    7.7315635564775915,
    7.7315635564775915,
    280.6991008240764
  ],
  "coef": [
    0.01824639007868664,
    0.12244558888273345,
    -0.04141273704178233,
    0.06776263049738658,
    0.06340687276418935,
    0.033771162534913045,
    0.03379688954341617,
    0.03379688954341617,
    -0.006015995611221557
  ],
  "intercept": -7.198622784219525
}